"Address","Content Type","Size (bytes)","IMG Inlinks","Indexability","Indexability Status","Dimensions"
"https://www.vlsiphysicaldesign.top/assets/images/unsplash-1581094486392-3901b5539c6d.jpg","image/jpeg","148355","2","Indexable","",""
"https://www.vlsiphysicaldesign.top/assets/images/advanced_logic_synthesis/Clock%20Path%20Optimization.webp","image/webp","1545040","1","Indexable","",""
"https://www.vlsiphysicaldesign.top/assets/images/advanced_logic_synthesis/generated/register_merging_flow.svg","image/svg+xml","0","1","Indexable","",""
"https://www.vlsiphysicaldesign.top/assets/images/advanced_logic_synthesis/Carry%20Save%20adder.webp","image/webp","1314608","1","Indexable","",""
"https://www.vlsiphysicaldesign.top/assets/images/advanced_logic_synthesis/Data%20Path%20optimization.webp","image/webp","1310354","1","Indexable","",""
"https://www.vlsiphysicaldesign.top/assets/images/advanced_logic_synthesis/generated/self_gating_xor.svg","image/svg+xml","0","1","Indexable","",""
"https://www.vlsiphysicaldesign.top/assets/images/advanced_logic_synthesis/constant%20Propagation.webp","image/webp","916018","1","Indexable","",""
"https://www.vlsiphysicaldesign.top/assets/images/advanced_logic_synthesis/Useful%20skew%20based%20optimization.webp","image/webp","1126202","1","Indexable","",""
"https://www.vlsiphysicaldesign.top/assets/images/advanced_logic_synthesis/Mux%20Mapping.webp","image/webp","1092660","1","Indexable","",""
"https://www.vlsiphysicaldesign.top/assets/images/advanced_logic_synthesis/Multibit%20Banking%20Optimization%20Flow.webp","image/webp","1134562","1","Indexable","",""
"https://www.vlsiphysicaldesign.top/assets/images/advanced_logic_synthesis/generated/ir_drop_shaping.svg","image/svg+xml","0","1","Indexable","",""
"https://www.vlsiphysicaldesign.top/assets/images/advanced_logic_synthesis/physical%20synthesis%20Flow.webp","image/webp","1244554","1","Indexable","",""
"https://www.vlsiphysicaldesign.top/assets/images/advanced_logic_synthesis/Inversion%20Push.webp","image/webp","828862","1","Indexable","",""
"https://www.vlsiphysicaldesign.top/assets/images/advanced_logic_synthesis/Multi%20Bit%20Debanking.webp","image/webp","1197946","1","Indexable","",""
"https://www.vlsiphysicaldesign.top/assets/images/advanced_logic_synthesis/Optimizations.webp","image/webp","1454524","1","Indexable","",""
"https://www.vlsiphysicaldesign.top/assets/images/advanced_logic_synthesis/Multi%20Vt%20cells.webp","image/webp","1535950","1","Indexable","",""
"https://www.vlsiphysicaldesign.top/assets/images/advanced_logic_synthesis/clock%20and%20data%20path%20Optimization.webp","image/webp","1596968","1","Indexable","",""
"https://www.vlsiphysicaldesign.top/assets/images/advanced_logic_synthesis/generated/area_recovery_tradeoff.svg","image/svg+xml","0","1","Indexable","",""
"https://www.vlsiphysicaldesign.top/assets/images/advanced_logic_synthesis/generated/register_replication_flow.svg","image/svg+xml","0","1","Indexable","",""
"https://www.vlsiphysicaldesign.top/assets/images/advanced_logic_synthesis/Multibit%20Banking.webp","image/webp","752614","1","Indexable","",""
"https://www.vlsiphysicaldesign.top/assets/images/advanced_logic_synthesis/Multibit%20bankng%20from%20RTL%20Inference.webp","image/webp","1015194","1","Indexable","",""
"https://www.vlsiphysicaldesign.top/assets/images/advanced_logic_synthesis/Logic%20simplification.webp","image/webp","790106","1","Indexable","",""
"https://www.vlsiphysicaldesign.top/assets/images/advanced_logic_synthesis/generated/scan_mapping_flow.svg","image/svg+xml","0","1","Indexable","",""
"https://www.vlsiphysicaldesign.top/assets/images/advanced_logic_synthesis/Power%20optimization.webp","image/webp","1266982","1","Indexable","",""
"https://www.vlsiphysicaldesign.top/assets/images/advanced_logic_synthesis/Clock%20Gating.webp","image/webp","962988","1","Indexable","",""
"https://www.vlsiphysicaldesign.top/assets/images/advanced_logic_synthesis/Unused%20logic%20removal.webp","image/webp","1058246","1","Indexable","",""
