"Address","Occurrences","Meta Description 1","Meta Description 1 Length","Meta Description 1 Pixel Width","Indexability","Indexability Status"
"https://www.vlsiphysicaldesign.top/","1","Your expert resource for VLSI Physical Design. Explore comprehensive guides on logic synthesis, floorplanning, placement, CTS, and other core concepts.","151","950","Indexable",""
"https://www.vlsiphysicaldesign.top/advanced_logic_synthesis","1","Comprehensive educational guide on advanced logic synthesis and physical implementation, including physical synthesis, CCD, multibit banking, and power optimization.","165","1051","Indexable",""
"https://www.vlsiphysicaldesign.top/io_design","1","High-level guide to IO ring planning, pad placement, ESD, and package constraints.","82","509","Indexable",""
"https://www.vlsiphysicaldesign.top/eco","1","Why ECOs are used, how they are implemented, and how to reduce risk.","68","443","Indexable",""
"https://www.vlsiphysicaldesign.top/ccs_modeling","1","An in-depth technical guide to Composite Current Source (CCS) modeling in VLSI, covering NLDM vs. CCS, driver/receiver models, Liberty syntax, and CCSN for noise analysis.","171","1075","Indexable",""
"https://www.vlsiphysicaldesign.top/placement","1","A comprehensive guide to the VLSI placement stage, detailing goals, algorithms, optimization techniques, and the impact on timing and routability.","146","905","Indexable",""
"https://www.vlsiphysicaldesign.top/power_analysis","1","Overview of dynamic and leakage power, activity modeling, and analysis flow.","76","477","Indexable",""
"https://www.vlsiphysicaldesign.top/routing","1","A comprehensive guide to the VLSI routing stage, covering global and detailed routing, algorithms like maze routing, and key challenges such as congestion and signal integrity.","176","1088","Indexable",""
"https://www.vlsiphysicaldesign.top/sta","1","A compact overview of STA concepts, timing paths, slack, and signoff checks.","76","483","Indexable",""
"https://www.vlsiphysicaldesign.top/logic_synthesis","1","A guide to logic synthesis, covering the process from RTL to gate-level netlist, optimization techniques, and technology mapping.","129","797","Indexable",""
"https://www.vlsiphysicaldesign.top/ir_analysis","1","Static and dynamic IR drop analysis, causes, and mitigation techniques.","71","443","Indexable",""
"https://www.vlsiphysicaldesign.top/powerplan","1","An in-depth guide to VLSI power planning, covering the power distribution network (PDN), power integrity analysis (IR drop, EM), and low-power design techniques using UPF.","171","1073","Indexable",""
"https://www.vlsiphysicaldesign.top/delay_models","1","Summary of delay models used for STA, including NLDM and CCS, and how slew and load affect timing.","98","640","Indexable",""
"https://www.vlsiphysicaldesign.top/who-am-i","1","Introduction and professional background of Samson Hruday Chinta.","65","428","Indexable",""
"https://www.vlsiphysicaldesign.top/cmos_fundamentals","1","A deep dive into the fundamentals of CMOS technology for VLSI design, covering semiconductor physics, PN junctions, MOSFET operation, and second-order effects.","159","1023","Indexable",""
"https://www.vlsiphysicaldesign.top/blog","1","A collection of articles, insights, and updates on VLSI Physical Design.","72","434","Indexable",""
"https://www.vlsiphysicaldesign.top/pd_inputs","1","A comprehensive guide to the essential libraries and data inputs for VLSI physical design, including netlists, SDC, LEF, LIB, and technology files.","147","885","Indexable",""
"https://www.vlsiphysicaldesign.top/pd_issues","1","Typical PD issues and practical fixes for timing, congestion, power integrity, and DRC.","87","528","Indexable",""
"https://www.vlsiphysicaldesign.top/congestion_analysis","1","Understand routing congestion, how to measure it, and strategies to reduce hotspots.","84","531","Indexable",""
"https://www.vlsiphysicaldesign.top/work_sited","1","A consolidated list of references and sources cited across all articles on the VLSI Physical Design Hub.","104","635","Indexable",""
"https://www.vlsiphysicaldesign.top/sta_numericals","1","Simple numerical examples to interpret setup/hold slack and path delay calculations.","84","526","Indexable",""
"https://www.vlsiphysicaldesign.top/floorplan","1","An in-depth guide to VLSI floorplanning, covering core objectives, macro placement, power planning, and strategies for achieving an optimal chip layout.","152","938","Indexable",""
"https://www.vlsiphysicaldesign.top/std_cell_types","1","Overview of standard cell categories, drive strengths, Vt flavors, and special-purpose cells used in physical design.","117","705","Indexable",""
"https://www.vlsiphysicaldesign.top/pd_cells","1","Purpose and usage of tap cells, endcaps, fillers, tie cells, and decap cells.","77","451","Indexable",""
"https://www.vlsiphysicaldesign.top/pd_verification","1","Overview of PD signoff checks: DRC, LVS, STA, EM/IR, and signal integrity.","74","457","Indexable",""
"https://www.vlsiphysicaldesign.top/cts","1","A deep dive into Clock Tree Synthesis (CTS), covering fundamentals, architectures like mesh and H-tree, low-power techniques, and advanced challenges.","150","950","Indexable",""
"https://www.vlsiphysicaldesign.top/about","1","Information about the VLSI Physical Design Hub and how to get in contact.","73","463","Indexable",""
"https://www.vlsiphysicaldesign.top/projects","1","A collection of projects and case studies in VLSI Physical Design.","66","404","Indexable",""
"https://www.vlsiphysicaldesign.top/advanced_synthesis","1","An expert report on advanced VLSI synthesis, including physical-aware synthesis, DFT, power optimization, and timing closure techniques like WNS/TNS optimization.","162","1027","Indexable",""
